post_owner.id,post_owner.name,post_owner.username
197035516737160,琳妲-林羿禎💕,linda831212
290088344136096,黃大謙,da_chien_huang
326266920473087,The DoDo Men - 嘟嘟人,thedodomen
327709506711650,HahaTai 哈哈台,hahatai_official
370469929354198,HowHow,howhowhasfriends
385113121084526,關韶文 關關✨,ethan_kuan_kuan
386199550944764,虎麗笑嗨嗨 高雄美食,hooleefun
394422783622573,日本失心瘋俱樂部,japanuts
395212179971878,魚乾,annie72127
402180799366662,Joeman  九妹,joemanweng
406436239102194,蕾菈 Lyla,la.112814
418592861328276,Allen,mensgametw
424222770300949,阿滴,rayduenglish
441043304971045,鐵牛 Ironbull,ironbullim
468653132283416,泥泥汝niniru,niniru621
476448995426567,鼻妹 Bimay,bimay_nagging
478937534652725,BoBo TV,bobo_kira
480853764717523,Pet Pixels Studio,coffee_time_corgi
509603828792577,黃小米 Mii,lovemiihuang
527228413537650,林發條🇹🇼,wia627
538526651934829,Tim哥,3ctim
539146568937093,阿慈車庫,tzu_888
539895908788423,沛莉 Peri Chang,peri168
556295566998169,葳老闆｜周品均,mayukichou
557438006897606,料理123,wecook123123
560208200088050,含羞草,xiucao.han
563070889879172,林進 Lingin 林東進 飛醺卑鄙 Fashionbaby,lingin1209
566579976019644,Mom & Dad（媽爹）,momanddad_band
569859869135639,咪妃（榴槤姊姊）,juliamisakii
572512788838948,麻糬爸與白爛貓家族,mochi_dad
575989378455518,處女座媽媽的瑣碎日常💐Kaori,mypink0911
583951330953576,辣媽Shania,lamashania
591119017373227,三個麻瓜,three_muggles
592182129928912,小葵 XiaoKui,miao11255
592732689937468,⭐️Patrick 派翠克⭐️,patrickliu0721
595920339562089,兔女狼Rabbit& Wolf,colorfulinsideus
597026809449049,Six Wang,6tan
627536643286351,村子裡的凱莉哥,kellyshen40
629444545878407,瑀熙Yuci🐻,uccu0323
650495167222795,嘎嫂二伯,2uncle987
657183606589968,Ben Wu 融融歷險記,benwoooo
662182553043704,喬喬兒QQE / 紀馨喬,qqe_52772
733406559613399,元 元,1105ya
733625492049772,Jason Chen 陳以桐,jasondchen
765119192859877,薛弘偉,dinter_1126
770781125225177,Mila Sky,milasky_love
782958966766614,Charlene Liu 查理,coindevanity
801527419635730,林 英雄,20141010hero
809142874593793,Bugcat Capoo,bugcat_capoo
828673995979476,PopDaily 波波黛莉的異想世界,popdaily
838981622530239,王宏哲教養育兒寶典,wanghungche
860088539462441,克里夫三,cliffchuang3
868320392648883,超粒方,tesscube
875984424698157,小尾巴,tiest0913
877501715256736,安啾 Anjou,anjouclever
881269787054116,邱沁宜/黛西小姐 Miss Daisy,daisy.chiu
883507466943362,海牛,manatee0701
883979944242661,阿翰po影片,hanhanpovideo
887067400771732,Gary蓋瑞,gary.0917
890098043238314,るー🌿RU醬,kaoru_0409
893387036230649,愛里,allie.liao
899222292321686,喪屍老爸,walkerdad1228
901372925094851,厭世甜點店,energydessert2019
902128252605339,雨揚老師 開運｜招財｜數字測驗,yu.young_fate
904133914772111,鬧著玩娛樂,nowyouon
908043124128951,HOOK,helloiamhook
912474374489313,小熊yuniko,yuniko0720
912544197512872,許允樂,byleway
913020814052145,方昶詠,cyfang58
918308683255276,Bonjour Louis! 我是路易,bonjour.louis
929787188836952,超認真少年,imseriou
935450811862319,🎀iampatti采蓁🎀,pattihuang
937879417814034,那些電影教我的事,lessonsfrommovies
940311274212916,方建豪,martinispig
940635151769494,小凱老師,kai_makeup_
943324384385470,林瑄 SHIUAN,1_shiuan_0
981214924048571,Meg Lu,maygobla
982607723670524,欸你這週要幹嘛,arielsvlog_816
993578969648127,Evelyn Chen 理科太太,liketaitai
994343138285973,Sandykaka 珊迪,sandykaka_
999415378883187,艾瑪 Emma,_803e.m
1004314727768286,丹妮婊姐星球,dannybeeech
1018879513099744,豪吃來吃 ｜高雄 嘉義 台南 台中 美食 旅遊 住宿,howeat219
1033416424766534,小A辣🌶️,ala780705
1038221494985274,滴妹,crown_du
1049545633545486,阿淇博士 Dr.Achi,hithisisachi
1058041932532855,牛排,jam_steak
1058893929746062,Aries艾瑞絲,aries_8248
1061708622422039,飽妮,bonibaobao
1063044458451816,Yun Chou,riceandshine.co
1072156284856885,豆漿-SoybeanMilk,soybeanmilk_cat
1079808846947721,好味小姐阿斷啦,huangyijiejie
1081312296942686,啾啾妹 by LIIN,chuchumei__
1082677379475894,莊酷炫,kevin0204660
1083978156679841,那對夫妻Nico&Kim,1006nk
1092219802166793,Lobo蘿蔔,lobo_is_good
1099537451564711,77老大,basil_77777
1100183218322465,見習網美小吳,beauty___wu
1101335794166874,蔡阿嘎,yga0721
1101366351086733,黃氏兄弟,huangbrotherss
1103559278106655,Hailey 莫彩曦,hailey_jane
1106004640927385,羅小白S.white,swhite523
1107267981407843,志祺,shasha77.daily
1113253200332822,王以甯 𝙸 𝙽 𝙴 𝚂,inesinesw
1124028172420710,大蛇丸,jam_cutepig
1138714294137404,電獺少女,aottergirls
1149446513557153,Logan Beck 小貝,logandbeck
1150850602813332,C D H｜林淑芬,0_shufen
1179675044176189,Natalie吳斐莉,wufeili
1186568732534726,木曜4超玩,muyao4
1205830887076904,依梨🐰,lebaby0v0
1208865037565195,傲嬌爸的養貓日常,uni_catto
1227950936143208,柴犬Nana和阿楞的一天,nana_aleng
1251249803581123,喬老師 Mr.Joe Hobby,mr.joehobby
1251698766085726,小象愛出門,elephant_gogo
1256130922383387,陳之漢,power3067830678
1257029365862195,星光奈奈,5inana
1258273652171113,ᴄɪᴀᴏ! ᴋɪᴛᴄʜᴇɴ 巧兒灶咖,ciao_kitchen
1260668238348446,人生肥宅x尊,loserzun
1262213114815148,千千,khshu_
1279976423323856,黃阿瑪的後宮生活,fumeancat
1290167085660646,崔咪Tramy,b2btramy888888
1298887904881860,大H 陳建昕 IFBB PRO,hsin0126
1320507393148167,蘿潔塔的廚房,rosalina.kitchen
1342885373807406,Boy playmj,boyplaymj
1385289819747533,蔡桃貴,tsaigray2018
1405375394659153,黃山料,iam_3636
1408838213667751,現在宅知道,cb.otaku
1409606466590981,孫泩,soon6669
1409625489981893,#肉比頭 #用奇怪方式環遊世界的情侶,zoebitalk
1411911193845172,那個女生Kiki,minikiki_0529
1418674059745913,Fred Hsu,thechef_fred
1420286559220183,HOT EMMA 艾瑪🇹🇼,lxxooemma
1420703562428673,蛋哥超有事EggThings,egg_things
1423616888249156,泱泱LYNN,lynnwu0219
1429158118248785,好味小姐脆脆,ladyflavor_cui
1445953866017868,Qi黃帝💋,zxsdexz
1449368929915461,Cindy,cindyhhh32
1449451395923116,陸筱晴,sunnie_cat0111
1457812568545827,,blairechen
1461357054557027,Goris （CHEN）,goris.sky
1469220084020537,🎩Davio🎩,davio_magic
1481074729236627,鹿人,twodeerman
1506608256943548,孟潔MJ,mengj215
1512511542679287,布萊克薛薛 Drangadrang,k3okii
1531977020780751,愛莉莎莎 Alisasa 🐨,goodalicia
1541915636368339,Taiwanniu,taiwanniu421
1553267739122740,林艾融,irenelin0413
1570226370283441,卡特,kart_wang
1575807403854673,超級熱狗王 林敬傑  IFBB PRO,ackj0301_ifbbpro
1582652542512915,呱吉,froggychiu
1584091162813898,艾爾文,alvin701
1585351369581371,霸軒BAXUAN,baxuan_ig
1594576081710116,Emmy追劇時間,emmy_on_earth
1598357264533191,張廉傑 RJ / 阿傑,jaychang0127
1598478981177004,微疼,weiteng0710
1602780363598649,有璟 요찡 🇰🇷,602avenue
1608378023168141,Ru味春捲 Ru’s Piano,ruruspiano
1610256333441300,三原 慧悟/サンエン/Mr.3,sanyuan_japan
1614325879994948,連環泡有芒果,corgimango
1622576085349527,Hanna はんな｜漢娜在翻譯,hannainjp
1622782061783417,貝莉莓 BerryM.,itsberrym
1631660444113704,陳彥婷 Tiffany,thetiffanychen
1632793224735310,MC Jeng Su,jengsu
1634876701263227,DE JuN,de.jun_666
1637758753694286,我是江老師,teacherchiang
1642009593025664,YING 林岱縈,daiying0
1652576325607802,PEETA葛格👌🏾,peeta.gege
1658784141362794,彼得爸與蘇珊媽,peter_and_susan
1666911694479528,找蔬食 Hao&Yang,traveggo
1687738095342693,PanSci 泛科學,pansci
1709920766651139,阿啾小劇場,achusan0817
1715221342443540,痘疤女王 莊盈彥,dr.acne_scar_queen
1718169172371293,Neneko肉肉,neneko.n
1808844029860687,一隻阿圓,nanaciaociao
1826877481469507,Andy老師,andy1994x
1835087787030852,魯文文,ruwenwen
1882002992454093,MaoMaoTV,maomaotv
1894660817935969,蔡哥,tsaibrotherderboofan
1947191532576650,希露弟弟啃雞腿,getwie__
1953102411856007,Shaogao 囂搞,shaogao
1968771623630699,蕭志瑋 八弟,afunnywii
2009331956199953,Emma 艾瑪,xollox121
2032963717147775,長笛姐姐🪄Lily Flute,lilyflute
2089176155201466,✨High咖-邱志恒✨嗨咖,children0704
2098737840527462,史丹利的採訪生活,stanley_sportslife
2122050568330321,尼克 王士維,nickwang1988
2228706500996545,賤葆ʕ•ᴥ•ʔ✨,jbao_5000
2244077799399466,好味小姐腦波弱跟Podcast,ladyflavor_nowpo
2260064937736036,星期天 Sunday,sundayright_dub
2323596291429801,可可酒精,cocowine0205
2467561256972486,那那大師,tinana_master
2482950715248986,Campfire 營火部落 - 達哥,campfire_tw
2615511648807178,白癡公主,87acup
2770060156530037,GINA HELLO,ginachiki
3375013586127579,我是老爸，我不要當爸,daddy.iam
3472776099682835,臺灣吧 Taiwan Bar,taiwan_bar
3681804055447654,我是阿樂🐹林妤臻🎏,alephant_0427
3804790829770030,Nini 妮妮,nini_food0822
4109973455949050,Sandy&Mandy,sandymandy_official
4152346038408705,地方媽媽A力,local_mom_ellie
4178664502394348,♡           🍒紀卜心☺︎,eatzzz7
4271470653119879,胡子,huzihuang1989
6918163774952407,Linzin 阿哲,linzin.yt
7557861844242919,"好味小姐與蛋捲,短褲,麻糊,米香,橘皮,本丸,圓仔,More",ladyflavor
7886973057990016,洋蔥先生與阿文,onionman__
8440604089352556,籃籃,lan0716
8880775261979017,這群人 TGOP,thisgroupofpeople
9190946367622252,FlashWolves 閃電狼,flashwolves2013
9359371417425316,LUVSSI ⋆李恩菲x菲菲Aviva🪽,aviva_1028
23891249083871528,Peter Su,peter825
23921872127472460,鵝鵝就是鵝鵝,ninggoose
25336600279355792,紫玥桃 Cosplay,skauramomo
25998961823033060,這群人董仔,donehannah
26113478601643632,雪莉shirley,shirley_01_12
26179464331688048,維思維,weisway18
26295538393386472,健人蓋伊,gu_yuze
